{
  "start_time": "2026-02-09T23:20:38.813697",
  "initial_capital": 10000.0,
  "benchmarks": {
    "TQQQ": {
      "start_price": 51.74,
      "shares": 193.2740626207963
    },
    "QQQ": {
      "start_price": 614.33,
      "shares": 16.277896244689334
    },
    "VOO": {
      "start_price": 638.28,
      "shares": 15.667105345616344
    }
  }
}